District,Total_Population,Total_Pop_Citizenship,US_Born_Citizen,US_Territory_Born_Citizen,US_Born_Abroad_Citizen,Naturalized_Citizen,Non_Citizen,Total_Pop_Birth,Native_Born,Foreign_Born,Total_Foreign_Born,Entered_2010_Later,Entered_2000_2009,Entered_Before_2000,Pop_5Years_Over,English_Only,Spanish_Speaker,Indo_European_Lang,Asian_Pacific_Lang,Other_Languages,White_Alone,Black_Alone,Native_American_Alone,Asian_Alone,Pacific_Islander_Alone,Other_Race_Alone,Two_Or_More_Races,Hispanic_Latino,Total_Male,Male_Under_5,Male_5_9,Male_10_14,Male_15_17,Male_18_19,Male_20,Male_21,Male_22_24,Male_25_29,Male_30_34,Male_35_39,Male_40_44,Male_45_49,Male_50_54,Male_55_59,Male_60_61,Male_62_64,Male_65_66,Male_67_69,Male_70_74,Male_75_79,Male_80_84,Male_85_Over,Total_Female,Female_Under_5,Female_5_9,Female_10_14,Female_15_17,Female_18_19,Female_20,Female_21,Female_22_24,Female_25_29,Female_30_34,Female_35_39,Female_40_44,Female_45_49,Female_50_54,Female_55_59,Female_60_61,Female_62_64,Female_65_66,Female_67_69,Female_70_74,Female_75_79,Female_80_84,Female_85_Over,Median_Household_Income,Total_Households_Income,Income_Less_10000,Income_10000_14999,Income_15000_19999,Income_20000_24999,Income_25000_29999,Income_30000_34999,Income_35000_39999,Income_40000_44999,Income_45000_49999,Income_50000_59999,Income_60000_74999,Income_75000_99999,Income_100000_124999,Income_125000_149999,Income_150000_199999,Income_200000_Plus,Total_Pop_Poverty,Below_Poverty_Level,Pop_25_Over,No_Schooling,Nursery_School,Kindergarten,Grade_1,Grade_2,Grade_3,Grade_4,Grade_5,Grade_6,Grade_7,Grade_8,Grade_9,Grade_10,Grade_11,Grade_12_No_Diploma,High_School_Diploma,GED,Some_College_Less_1yr,Some_College_1yr_Plus,Associates_Degree,Bachelors_Degree,Masters_Degree,Professional_Degree,Doctorate_Degree,Total_Households,Family_Households,Married_Couple_Family,Other_Family,Nonfamily_Households,Living_Alone,Not_Living_Alone,In_Labor_Force,Civilian_Labor_Force,Employed,Unemployed,Total_Housing_Units,Owner_Occupied,Renter_Occupied,Workers_16_Over,Commute_Car,Commute_Public_Transit,Commute_Bicycle,Commute_Walk,Work_From_Home,Total_Households_Internet,Has_Internet,No_Internet,Year,Dist_clean,D,R,Winner,Total
1,691474.0,691474.0,635267.0,1367.0,2930.0,26729.0,25181.0,691474.0,639564.0,51910.0,56207.0,8531.0,13053.0,6181.0,,,,,,,292771.0,345746.0,806.0,12254.0,127.0,26617.0,13153.0,72236.0,322348.0,18517.0,20355.0,23460.0,13480.0,9800.0,4408.0,5067.0,12750.0,24108.0,21218.0,17591.0,20537.0,19506.0,24719.0,24509.0,8540.0,12675.0,5602.0,7772.0,11356.0,7848.0,5037.0,3493.0,369126.0,18944.0,17686.0,24342.0,13480.0,10624.0,5358.0,5996.0,14724.0,25018.0,22623.0,20330.0,21470.0,24603.0,27484.0,27065.0,10437.0,12299.0,8305.0,10855.0,17045.0,11410.0,8856.0,10172.0,50523.0,265181.0,30999.0,14691.0,15579.0,13542.0,12135.0,13833.0,12350.0,9696.0,8648.0,15637.0,26033.0,30224.0,23663.0,13773.0,13293.0,11085.0,680474.0,118476.0,472483.0,5159.0,0.0,0.0,42.0,524.0,699.0,875.0,1044.0,2816.0,1588.0,7482.0,4471.0,8021.0,10533.0,9694.0,110925.0,14504.0,27566.0,90365.0,39527.0,81301.0,39376.0,8937.0,7034.0,265181.0,159249.0,95153.0,64096.0,12147.0,51949.0,105932.0,346903.0,346903.0,312478.0,34425.0,265181.0,158549.0,106632.0,305183.0,228910.0,51961.0,1545.0,7453.0,12014.0,265181.0,206705.0,50885.0,2016,1,245908.0,69956.0,D,326175.0
10,710610.0,710610.0,527761.0,2292.0,6246.0,84537.0,89774.0,710610.0,536299.0,174311.0,182849.0,28650.0,45850.0,24048.0,664549.0,427168.0,124452.0,2247.0,462.0,1241.0,505898.0,48352.0,1274.0,80123.0,310.0,56158.0,18495.0,159809.0,351902.0,23080.0,22837.0,25739.0,15352.0,11016.0,5642.0,4718.0,15958.0,22652.0,23569.0,22456.0,24283.0,23950.0,23771.0,21587.0,9601.0,11497.0,7130.0,9326.0,11253.0,7561.0,3956.0,4968.0,358708.0,22981.0,22331.0,24353.0,17187.0,8769.0,4196.0,4199.0,14280.0,17186.0,22346.0,20569.0,25944.0,25154.0,24731.0,26012.0,10750.0,11533.0,6987.0,11402.0,11474.0,8299.0,7686.0,10339.0,74971.0,251252.0,11746.0,7660.0,8431.0,10527.0,7790.0,10431.0,9486.0,10022.0,8103.0,17742.0,23731.0,31065.0,24065.0,15533.0,21964.0,32956.0,691674.0,62028.0,467972.0,6307.0,143.0,243.0,90.0,503.0,1210.0,1479.0,2046.0,7630.0,1677.0,5833.0,5175.0,5159.0,5615.0,6647.0,89920.0,10274.0,25722.0,57023.0,29108.0,117347.0,63883.0,17155.0,7783.0,251252.0,177378.0,140375.0,37003.0,9966.0,27037.0,73874.0,383566.0,373464.0,353897.0,19567.0,251252.0,174621.0,76631.0,358154.0,304752.0,16244.0,1307.0,10063.0,22998.0,251252.0,219223.0,26699.0,2016,10,178857.0,94108.0,D,288303.0
11,730480.0,730480.0,587857.0,3856.0,4398.0,60977.0,73392.0,730480.0,596111.0,134369.0,142623.0,19655.0,39681.0,20521.0,682230.0,465218.0,145573.0,1230.0,99.0,1184.0,478688.0,77608.0,2646.0,62504.0,171.0,84802.0,24061.0,196939.0,357773.0,24793.0,23942.0,28158.0,17669.0,9288.0,4633.0,5329.0,16559.0,22536.0,23024.0,25861.0,26596.0,25964.0,25905.0,19781.0,9262.0,10094.0,5715.0,7849.0,10092.0,6484.0,4511.0,3728.0,372707.0,23457.0,26872.0,27010.0,15149.0,10649.0,5901.0,3789.0,15659.0,22986.0,24528.0,26589.0,28102.0,27575.0,23682.0,22604.0,6938.0,13349.0,6114.0,8976.0,12410.0,8216.0,5845.0,6307.0,72198.0,251942.0,10514.0,7526.0,9158.0,9328.0,8749.0,9993.0,10132.0,10675.0,11037.0,16850.0,26014.0,35969.0,29624.0,16674.0,22146.0,17553.0,723223.0,66557.0,471623.0,7714.0,137.0,31.0,286.0,750.0,2815.0,1465.0,2219.0,10521.0,1545.0,6617.0,4660.0,5123.0,6070.0,8896.0,91910.0,15253.0,30571.0,67860.0,37336.0,106110.0,50142.0,8379.0,5213.0,251942.0,178255.0,132156.0,46099.0,11828.0,34271.0,73687.0,391241.0,391026.0,371550.0,19476.0,251942.0,179600.0,72342.0,362481.0,320557.0,15108.0,639.0,3914.0,18765.0,251942.0,223113.0,24388.0,2016,11,164632.0,99104.0,D,279620.0
12,693736.0,693736.0,669296.0,686.0,4446.0,9452.0,9856.0,693736.0,674428.0,19308.0,24440.0,5746.0,5430.0,1542.0,,,,,,,541201.0,117759.0,1092.0,10412.0,200.0,6030.0,17042.0,23528.0,343254.0,22740.0,22737.0,21001.0,14020.0,8692.0,4699.0,4014.0,14406.0,23352.0,23054.0,22419.0,20789.0,23303.0,22429.0,23787.0,9076.0,13625.0,7274.0,10306.0,12765.0,7812.0,5426.0,5528.0,350482.0,19810.0,19635.0,21842.0,14217.0,7511.0,4466.0,4490.0,12321.0,22721.0,23224.0,20286.0,20153.0,21683.0,24915.0,24512.0,10531.0,13779.0,8265.0,10878.0,15796.0,9793.0,8786.0,10868.0,47430.0,277601.0,24141.0,16420.0,16876.0,17368.0,13572.0,15858.0,15519.0,12902.0,12428.0,20066.0,26708.0,31003.0,23537.0,13714.0,10330.0,7159.0,669553.0,109942.0,477135.0,2497.0,10.0,25.0,82.0,65.0,286.0,397.0,325.0,1078.0,1126.0,6437.0,6475.0,9571.0,12489.0,6154.0,118334.0,28481.0,39323.0,80219.0,49475.0,68519.0,34829.0,6435.0,4503.0,277601.0,174842.0,120716.0,54126.0,14263.0,39863.0,102759.0,329972.0,325670.0,303395.0,22275.0,277601.0,184914.0,92687.0,302014.0,273429.0,6240.0,1121.0,6654.0,11032.0,277601.0,210533.0,56262.0,2016,12,126817.0,173693.0,R,315846.0
13,704699.0,704699.0,665226.0,267.0,3780.0,11900.0,23526.0,704699.0,669273.0,35426.0,39473.0,16503.0,8597.0,2110.0,,,,,,,573421.0,77940.0,1376.0,27069.0,370.0,3212.0,21311.0,23987.0,348787.0,19375.0,20403.0,19243.0,11872.0,15501.0,8672.0,7513.0,21847.0,25577.0,22153.0,20840.0,19798.0,20766.0,22834.0,22471.0,10208.0,12610.0,6782.0,9136.0,11812.0,8933.0,5514.0,4927.0,355912.0,18184.0,18849.0,18070.0,11669.0,16356.0,9169.0,7821.0,17867.0,24955.0,21649.0,19525.0,18921.0,20452.0,21777.0,23761.0,9455.0,14661.0,8426.0,10150.0,13927.0,9841.0,8294.0,12133.0,49758.0,283971.0,26692.0,14822.0,14456.0,16561.0,15033.0,15082.0,13796.0,15000.0,11011.0,22910.0,26888.0,34051.0,22196.0,13235.0,11764.0,10474.0,665081.0,112585.0,462288.0,2793.0,0.0,30.0,15.0,28.0,48.0,194.0,150.0,232.0,604.0,5590.0,4201.0,7646.0,8156.0,5525.0,118064.0,20511.0,38454.0,68197.0,42057.0,81266.0,38825.0,9208.0,10494.0,283971.0,165804.0,120954.0,44850.0,13049.0,31801.0,118167.0,358101.0,357617.0,337195.0,20422.0,283971.0,183057.0,100914.0,332721.0,285761.0,11009.0,3859.0,14098.0,13843.0,283971.0,229017.0,42263.0,2016,13,141541.0,159013.0,R,319979.0
14,736397.0,736397.0,655719.0,983.0,5594.0,44586.0,29515.0,736397.0,662296.0,74101.0,80678.0,8376.0,22635.0,7938.0,,,,,,,636375.0,25846.0,1422.0,33119.0,414.0,23337.0,15884.0,93109.0,368410.0,22194.0,27298.0,33974.0,19451.0,10788.0,5595.0,4349.0,13021.0,17402.0,21472.0,21306.0,25346.0,29339.0,27602.0,27304.0,7550.0,13580.0,7300.0,7846.0,12246.0,5429.0,4004.0,4014.0,367987.0,19443.0,25733.0,28103.0,16889.0,7896.0,4749.0,5264.0,11607.0,16868.0,20976.0,23687.0,28225.0,28622.0,29448.0,24656.0,10388.0,13470.0,7781.0,9547.0,12894.0,10404.0,4588.0,6749.0,90345.0,250357.0,10876.0,5390.0,6356.0,6542.0,7059.0,6536.0,7156.0,8835.0,6598.0,15873.0,21552.0,38209.0,28731.0,21162.0,30182.0,29300.0,731392.0,48781.0,480043.0,2464.0,0.0,18.0,170.0,207.0,249.0,365.0,1856.0,3678.0,798.0,3737.0,3414.0,4882.0,3930.0,6295.0,91184.0,12526.0,35017.0,66168.0,40985.0,129455.0,57625.0,7842.0,7178.0,250357.0,191132.0,157445.0,33687.0,9882.0,23805.0,59225.0,396443.0,396174.0,376906.0,19268.0,250357.0,199652.0,50705.0,371275.0,329277.0,10050.0,553.0,3214.0,26413.0,250357.0,230072.0,18141.0,2016,14,153989.0,167348.0,R,343417.0
15,700549.0,700549.0,685751.0,418.0,2690.0,5233.0,6457.0,700549.0,688859.0,11690.0,14798.0,2409.0,2920.0,1398.0,,,,,,,648770.0,31367.0,1693.0,4540.0,251.0,3811.0,10117.0,18784.0,347422.0,20765.0,23841.0,21567.0,13724.0,8989.0,2992.0,4275.0,13202.0,23693.0,21774.0,22457.0,20498.0,21792.0,23680.0,23491.0,10050.0,14437.0,8274.0,11418.0,13469.0,9585.0,7783.0,5666.0,353127.0,20590.0,22535.0,22418.0,13346.0,8557.0,4598.0,3904.0,11608.0,21271.0,19178.0,21330.0,21034.0,20289.0,24136.0,25341.0,9130.0,14287.0,7712.0,12436.0,15304.0,12603.0,8579.0,12941.0,49927.0,275299.0,21027.0,14887.0,16238.0,16847.0,12904.0,15879.0,14154.0,13690.0,12182.0,21126.0,29394.0,38013.0,21462.0,11488.0,9535.0,6473.0,673463.0,95351.0,483638.0,3215.0,10.0,274.0,77.0,22.0,177.0,355.0,238.0,1417.0,1115.0,10893.0,5224.0,11206.0,10850.0,5252.0,136935.0,27934.0,40413.0,74706.0,55646.0,63579.0,28169.0,3557.0,2374.0,275299.0,179339.0,139120.0,40219.0,11260.0,28959.0,95960.0,331918.0,331648.0,313288.0,18360.0,275299.0,206981.0,68318.0,307415.0,280690.0,1562.0,1015.0,6959.0,14664.0,275299.0,210333.0,57439.0,2016,15,78574.0,226605.0,R,320442.0
16,687998.0,687998.0,649593.0,1221.0,3367.0,17486.0,16331.0,687998.0,654181.0,33817.0,38405.0,4302.0,8425.0,5171.0,,,,,,,623579.0,23523.0,848.0,9120.0,256.0,15228.0,15444.0,64186.0,343262.0,18427.0,23157.0,22175.0,14809.0,8862.0,5439.0,4568.0,14770.0,19986.0,19411.0,21345.0,21185.0,22078.0,24210.0,24928.0,9159.0,14198.0,7702.0,11182.0,14267.0,9669.0,6600.0,5135.0,344736.0,16636.0,19734.0,21554.0,14440.0,8834.0,4944.0,3705.0,13511.0,18632.0,19527.0,19467.0,22088.0,22586.0,24571.0,23519.0,9898.0,14105.0,8155.0,11266.0,16177.0,10587.0,9607.0,11193.0,57182.0,270748.0,13911.0,13139.0,11546.0,13119.0,14070.0,14826.0,11890.0,13835.0,11181.0,23393.0,30929.0,37146.0,25002.0,15024.0,12658.0,9079.0,667192.0,82616.0,472433.0,2512.0,0.0,161.0,191.0,362.0,591.0,95.0,583.0,1616.0,956.0,4692.0,5463.0,8543.0,12109.0,8850.0,135104.0,23102.0,42408.0,72714.0,47613.0,65897.0,29442.0,5884.0,3545.0,270748.0,185869.0,141091.0,44778.0,13417.0,31361.0,84879.0,352314.0,352022.0,329425.0,22597.0,270748.0,193477.0,77271.0,324205.0,297177.0,1370.0,1588.0,6284.0,14753.0,270748.0,227792.0,37003.0,2016,16,119542.0,173093.0,R,311988.0
17,691212.0,691212.0,655064.0,964.0,3854.0,11303.0,20027.0,691212.0,659882.0,31330.0,36148.0,6761.0,9864.0,4243.0,,,,,,,565738.0,80747.0,1761.0,10007.0,436.0,10919.0,21604.0,64640.0,340563.0,22283.0,22295.0,22418.0,12439.0,9832.0,4983.0,5231.0,12411.0,21530.0,21519.0,20470.0,20342.0,20600.0,23198.0,23928.0,11138.0,11723.0,8580.0,11462.0,12120.0,10691.0,6097.0,5273.0,350649.0,20134.0,19737.0,21415.0,13692.0,9388.0,5026.0,4730.0,13817.0,21495.0,20093.0,19280.0,19478.0,21368.0,22419.0,25656.0,10641.0,13496.0,8043.0,12932.0,15314.0,11329.0,9129.0,12037.0,45360.0,283430.0,25032.0,18304.0,18913.0,18766.0,14690.0,15208.0,15559.0,14091.0,12799.0,24518.0,29836.0,32148.0,19604.0,10831.0,7711.0,5420.0,667990.0,121273.0,471381.0,4496.0,242.0,133.0,66.0,689.0,655.0,1069.0,765.0,2205.0,1478.0,5041.0,7370.0,12705.0,15038.0,7861.0,131747.0,27426.0,45052.0,75843.0,43457.0,59898.0,21263.0,4300.0,2582.0,283430.0,173811.0,121893.0,51918.0,13398.0,38520.0,109619.0,338177.0,337813.0,311588.0,26225.0,283430.0,184814.0,98616.0,305737.0,278104.0,5074.0,956.0,8356.0,9432.0,283430.0,218692.0,56487.0,2016,17,133999.0,136017.0,R,287103.0
18,713402.0,713402.0,681209.0,571.0,2916.0,11469.0,17237.0,713402.0,684696.0,28706.0,32193.0,8700.0,8854.0,1525.0,,,,,,,647359.0,29237.0,1599.0,18309.0,60.0,4098.0,12740.0,20093.0,351634.0,19353.0,23843.0,22714.0,14726.0,10391.0,4136.0,4115.0,13350.0,22086.0,20843.0,22370.0,22349.0,22542.0,24336.0,24862.0,9529.0,13415.0,8806.0,11194.0,13859.0,9474.0,7431.0,5910.0,361768.0,20578.0,21242.0,21748.0,14880.0,9771.0,4559.0,3601.0,13210.0,19546.0,20390.0,23500.0,21666.0,22452.0,24967.0,25116.0,10029.0,13997.0,8461.0,12276.0,16278.0,12330.0,8266.0,12905.0,60857.0,283990.0,13537.0,10680.0,11859.0,12893.0,13774.0,12514.0,12155.0,14212.0,12672.0,25479.0,29185.0,39960.0,27953.0,15519.0,17615.0,13983.0,690732.0,66013.0,491185.0,3269.0,70.0,138.0,25.0,41.0,500.0,256.0,472.0,492.0,261.0,4863.0,3601.0,6381.0,8403.0,4698.0,129918.0,19591.0,39745.0,68305.0,44561.0,100258.0,39135.0,9219.0,6983.0,283990.0,190910.0,152385.0,38525.0,10564.0,27961.0,93080.0,360230.0,359988.0,341881.0,18107.0,283990.0,215324.0,68666.0,336438.0,310230.0,1467.0,1117.0,6544.0,15250.0,283990.0,232151.0,44320.0,2016,18,104927.0,210529.0,R,347134.0
2,713917.0,713917.0,656293.0,1506.0,2766.0,27168.0,26184.0,713917.0,660565.0,53352.0,57624.0,5679.0,13559.0,7156.0,,,,,,,264797.0,406653.0,621.0,5436.0,165.0,23507.0,12738.0,99610.0,334166.0,22777.0,22210.0,25935.0,15046.0,9939.0,6496.0,5786.0,16761.0,20565.0,18774.0,19482.0,20987.0,20350.0,22510.0,22596.0,8321.0,11213.0,6732.0,8760.0,11984.0,7744.0,4690.0,4508.0,379751.0,22170.0,24763.0,23591.0,17201.0,10246.0,5612.0,5313.0,16476.0,24040.0,19694.0,23385.0,23099.0,25316.0,26674.0,26145.0,10761.0,13573.0,10076.0,11651.0,13017.0,10471.0,8023.0,8454.0,48417.0,263915.0,29899.0,13922.0,14746.0,15498.0,12919.0,13629.0,11233.0,12494.0,11162.0,22859.0,26427.0,32147.0,20356.0,11450.0,9448.0,5726.0,703137.0,134525.0,463595.0,5479.0,0.0,229.0,175.0,344.0,1169.0,1497.0,1683.0,5447.0,559.0,5919.0,6631.0,8655.0,11604.0,11566.0,109979.0,17926.0,32721.0,96315.0,37504.0,66729.0,32674.0,5300.0,3490.0,263915.0,166338.0,92612.0,73726.0,17456.0,56270.0,97577.0,353687.0,353591.0,307815.0,45776.0,263915.0,161062.0,102853.0,300249.0,235508.0,41666.0,198.0,5034.0,12894.0,263915.0,209217.0,49659.0,2016,2,236726.0,58024.0,D,303622.0
3,720930.0,720930.0,560901.0,2917.0,5797.0,79672.0,71643.0,720930.0,569615.0,151315.0,160029.0,15417.0,37112.0,19795.0,,,,,,,529893.0,38014.0,2277.0,30281.0,170.0,104678.0,15617.0,238646.0,361574.0,21776.0,25887.0,27954.0,15848.0,9940.0,5068.0,3713.0,14523.0,25699.0,24634.0,23628.0,22010.0,26184.0,24864.0,25517.0,10666.0,12162.0,6623.0,9919.0,10486.0,5244.0,5574.0,3655.0,359356.0,22281.0,22520.0,26856.0,11703.0,8139.0,3276.0,3872.0,15310.0,23660.0,22143.0,23414.0,21018.0,23004.0,27210.0,23749.0,10834.0,13846.0,8230.0,10708.0,13550.0,9229.0,7332.0,7472.0,66270.0,244418.0,12548.0,8043.0,10306.0,11238.0,11300.0,12118.0,12151.0,10174.0,7081.0,15782.0,27111.0,34695.0,23131.0,15957.0,17701.0,15082.0,709207.0,73063.0,482264.0,9723.0,89.0,50.0,327.0,936.0,1578.0,891.0,1622.0,9284.0,2615.0,8447.0,5894.0,7847.0,8364.0,10670.0,130205.0,16463.0,29183.0,71049.0,37157.0,87308.0,32533.0,7010.0,3019.0,244418.0,171013.0,128456.0,42557.0,14630.0,27927.0,73405.0,364737.0,364688.0,338513.0,26175.0,244418.0,179263.0,65155.0,329230.0,273158.0,36243.0,1647.0,7942.0,7724.0,244418.0,205944.0,32615.0,2016,3,157383.0,113779.0,D,284970.0
4,695098.0,695098.0,438547.0,18146.0,5608.0,90759.0,142038.0,695098.0,462301.0,232797.0,256551.0,25018.0,53115.0,49410.0,,,,,,,385144.0,26083.0,4398.0,25740.0,290.0,235506.0,17937.0,487383.0,352478.0,27202.0,25852.0,23430.0,14333.0,8890.0,4271.0,5162.0,15148.0,33815.0,29849.0,30759.0,24529.0,23876.0,20736.0,19227.0,7721.0,7972.0,4621.0,5663.0,8545.0,5206.0,3296.0,2375.0,342620.0,22484.0,23454.0,24242.0,16080.0,8361.0,3684.0,4723.0,16145.0,31434.0,29317.0,28195.0,22029.0,21905.0,19862.0,19346.0,6725.0,8752.0,5858.0,7343.0,8183.0,5699.0,4032.0,4767.0,51383.0,223350.0,12557.0,11511.0,11612.0,12831.0,10624.0,12050.0,15012.0,11430.0,9929.0,19098.0,20420.0,29235.0,17705.0,10359.0,10267.0,8710.0,690682.0,114251.0,451637.0,14891.0,216.0,178.0,664.0,4323.0,2058.0,3243.0,3040.0,31503.0,2663.0,14249.0,9505.0,10478.0,10539.0,13915.0,107822.0,16800.0,16113.0,53143.0,25635.0,75181.0,27630.0,5388.0,2460.0,223350.0,152761.0,99615.0,53146.0,16254.0,36892.0,70589.0,370848.0,370765.0,346780.0,23985.0,223350.0,101920.0,121430.0,339911.0,240653.0,66478.0,7681.0,10696.0,10078.0,223350.0,173296.0,38906.0,2016,4,172374.0,27807.0,D,310159.0
5,723373.0,723373.0,549170.0,6107.0,8644.0,90101.0,69351.0,723373.0,563921.0,159452.0,174203.0,29342.0,34408.0,15602.0,677059.0,446772.0,99935.0,3971.0,46.0,6665.0,593685.0,18194.0,1552.0,50171.0,406.0,34357.0,25008.0,139326.0,356625.0,24219.0,19303.0,18107.0,8156.0,6335.0,4621.0,5090.0,18109.0,39944.0,38166.0,31535.0,22528.0,23587.0,20348.0,20936.0,7256.0,9675.0,4737.0,8744.0,10205.0,5833.0,4583.0,4608.0,366748.0,22095.0,18136.0,15116.0,8358.0,6476.0,4663.0,3814.0,18537.0,44830.0,37694.0,28185.0,23373.0,22922.0,20302.0,19655.0,8684.0,12052.0,6938.0,9674.0,11247.0,8423.0,5775.0,9799.0,80269.0,297889.0,14890.0,8658.0,9194.0,11047.0,9180.0,10959.0,9311.0,9167.0,10842.0,20849.0,26633.0,39049.0,32726.0,17874.0,27942.0,39568.0,713243.0,58849.0,522238.0,7215.0,0.0,34.0,181.0,121.0,1267.0,502.0,1320.0,5359.0,963.0,6116.0,2319.0,3639.0,3415.0,8071.0,80496.0,10478.0,18221.0,56643.0,30279.0,174745.0,78361.0,24523.0,7970.0,297889.0,155918.0,123734.0,32184.0,11135.0,21049.0,141971.0,440619.0,440426.0,424109.0,16317.0,297889.0,163072.0,134817.0,417034.0,244617.0,118756.0,6441.0,16892.0,23862.0,297889.0,255767.0,34983.0,2016,5,229937.0,78069.0,D,284970.0
6,722323.0,722323.0,609513.0,1256.0,5301.0,67738.0,38515.0,722323.0,616070.0,106253.0,112810.0,16689.0,25783.0,6727.0,681982.0,547200.0,43776.0,2176.0,77.0,1699.0,599312.0,19108.0,684.0,65830.0,193.0,16399.0,20797.0,67177.0,353209.0,21133.0,20983.0,23904.0,17024.0,9149.0,4576.0,4117.0,12851.0,20512.0,23520.0,22772.0,20614.0,25984.0,28172.0,28139.0,10497.0,12657.0,6582.0,9940.0,12038.0,7127.0,5743.0,5175.0,369114.0,19208.0,23440.0,25048.0,16817.0,8797.0,4397.0,3460.0,12887.0,18612.0,22787.0,21497.0,19279.0,26278.0,32645.0,29410.0,11708.0,13707.0,8338.0,11728.0,14283.0,8021.0,7089.0,9678.0,97387.0,262303.0,8717.0,5502.0,6277.0,6251.0,6846.0,9065.0,7985.0,9511.0,6901.0,14132.0,19950.0,33244.0,34187.0,22385.0,27784.0,43566.0,712132.0,33780.0,494532.0,4172.0,110.0,33.0,44.0,0.0,514.0,140.0,1217.0,1389.0,637.0,2234.0,2287.0,3630.0,3059.0,5587.0,70869.0,9022.0,29475.0,65563.0,36461.0,160506.0,73203.0,16697.0,7683.0,262303.0,186300.0,158258.0,28042.0,7474.0,20568.0,76003.0,398397.0,398207.0,382811.0,15396.0,262303.0,204599.0,57704.0,375732.0,311509.0,24958.0,1616.0,5142.0,29878.0,262303.0,241239.0,17583.0,2016,6,177578.0,152909.0,D,353766.0
7,723481.0,723481.0,614174.0,4412.0,5140.0,40807.0,58948.0,723481.0,623726.0,99755.0,109307.0,24111.0,27911.0,10297.0,,,,,,,256647.0,341264.0,1315.0,53760.0,650.0,53663.0,16182.0,119971.0,343743.0,22064.0,20499.0,18224.0,12630.0,9704.0,5221.0,5326.0,17593.0,36337.0,35172.0,24344.0,21746.0,21506.0,19451.0,19083.0,7821.0,10395.0,6158.0,8715.0,8853.0,5783.0,3926.0,3192.0,379738.0,22066.0,19313.0,19933.0,11027.0,8565.0,4242.0,5865.0,20106.0,37543.0,37051.0,26981.0,25792.0,25008.0,19650.0,24893.0,9584.0,11518.0,7374.0,9339.0,12686.0,9814.0,6306.0,5082.0,54147.0,295886.0,37093.0,16369.0,16380.0,16091.0,12172.0,11653.0,8347.0,10125.0,8939.0,19226.0,23147.0,29283.0,23154.0,15823.0,20781.0,27303.0,696266.0,156424.0,501103.0,5954.0,0.0,136.0,367.0,1090.0,808.0,1088.0,1353.0,6427.0,1683.0,7372.0,6706.0,11253.0,15894.0,8935.0,103403.0,14575.0,20927.0,65458.0,23844.0,112564.0,59880.0,20950.0,10436.0,295886.0,148364.0,80586.0,67778.0,12810.0,54968.0,147522.0,383258.0,383023.0,347246.0,35777.0,295886.0,118090.0,177796.0,340757.0,178967.0,80340.0,4503.0,45937.0,20673.0,295886.0,221876.0,55884.0,2016,7,271100.0,10479.0,D,310159.0
8,717789.0,717789.0,506357.0,3580.0,5585.0,94746.0,107521.0,717789.0,515522.0,202267.0,211432.0,34069.0,55767.0,28979.0,672198.0,380057.0,160367.0,1431.0,0.0,5298.0,465992.0,33339.0,2737.0,92202.0,169.0,102625.0,20725.0,210817.0,362008.0,23180.0,28083.0,22821.0,15504.0,8386.0,3724.0,4983.0,14025.0,27105.0,25704.0,26025.0,27017.0,24809.0,25062.0,24223.0,8186.0,12826.0,7339.0,8349.0,10002.0,5823.0,5020.0,3812.0,355781.0,22411.0,24297.0,22667.0,14613.0,7268.0,3135.0,3217.0,11705.0,24590.0,26311.0,26732.0,25223.0,22821.0,24525.0,21604.0,10140.0,13815.0,6644.0,8787.0,12257.0,8737.0,6862.0,7420.0,67745.0,253677.0,11806.0,7352.0,8817.0,10151.0,10222.0,11911.0,9868.0,10462.0,8101.0,22017.0,27203.0,38934.0,29603.0,16784.0,17680.0,12766.0,712250.0,80916.0,487770.0,8628.0,208.0,111.0,351.0,444.0,2457.0,1764.0,2669.0,10834.0,1720.0,10403.0,5543.0,6271.0,7290.0,9777.0,114277.0,12781.0,28223.0,71370.0,33721.0,106702.0,43001.0,6147.0,3078.0,253677.0,175620.0,129832.0,45788.0,14230.0,31558.0,78057.0,393589.0,393346.0,373713.0,19633.0,253677.0,167872.0,85805.0,367188.0,328039.0,12576.0,1042.0,5714.0,14813.0,253677.0,220221.0,28406.0,2016,8,148233.0,92926.0,D,255064.0
9,724071.0,724071.0,531212.0,2437.0,7107.0,108958.0,74357.0,724071.0,540756.0,183315.0,192859.0,35926.0,45063.0,14155.0,681931.0,443010.0,61439.0,4702.0,1402.0,4034.0,514493.0,72697.0,2369.0,93906.0,213.0,17837.0,22556.0,78549.0,350566.0,20904.0,22525.0,21099.0,13890.0,7897.0,2891.0,3659.0,12180.0,24371.0,25746.0,22530.0,25690.0,22425.0,26622.0,24750.0,9132.0,13029.0,7158.0,10351.0,11562.0,8917.0,6220.0,7018.0,373505.0,21236.0,21030.0,20394.0,14526.0,9921.0,3986.0,3734.0,12300.0,24292.0,25669.0,25673.0,23930.0,22197.0,24204.0,25885.0,10961.0,14331.0,8888.0,9686.0,13827.0,10817.0,10161.0,15857.0,67084.0,286837.0,21391.0,12669.0,11776.0,11930.0,11503.0,9851.0,9856.0,11648.0,10122.0,19992.0,25075.0,32126.0,26480.0,15816.0,24018.0,32584.0,704366.0,86078.0,511899.0,6509.0,61.0,364.0,54.0,522.0,976.0,1029.0,1991.0,3904.0,1100.0,5052.0,3676.0,5664.0,6157.0,9320.0,71416.0,10237.0,20687.0,62364.0,28623.0,156475.0,80158.0,21649.0,13911.0,286837.0,167710.0,132405.0,35305.0,10395.0,24910.0,119127.0,374355.0,374147.0,358829.0,15318.0,286837.0,169991.0,116846.0,354120.0,233579.0,72270.0,5538.0,14072.0,23091.0,286837.0,239621.0,34766.0,2016,9,238096.0,84456.0,D,339587.0
1,706292.0,,,,,,,,,51559.0,,,,,,,,,,,248615.0,362428.0,,8476.0,,,,69217.0,330545.0,,,,,,,,,,,,,,,,,,,,,,,,375747.0,,,,,,,,,,,,,,,,,,,,,,,,54892.0,,,,,,,,,,,,,,,,,,,111594.0,,,,,,,,,,,,,,,,,,,,,,,,,,,,,,,,,643432.0,,,62860.0,,411082.0,,,,129957.0,,,,,,,2020,1,246954.0,85028.0,D,336837.0
2,706293.0,,,,,,,,,57210.0,,,,,,,,,,,221776.0,382831.0,,12713.0,,,,74161.0,333410.0,,,,,,,,,,,,,,,,,,,,,,,,372883.0,,,,,,,,,,,,,,,,,,,,,,,,52784.0,,,,,,,,,,,,,,,,,,,114420.0,,,,,,,,,,,,,,,,,,,,,,,,,,,,,,,,,641314.0,,,64979.0,,438607.0,,,,107356.0,,,,,,,2020,2,236640.0,65329.0,D,306049.0
3,706292.0,,,,,,,,,135608.0,,,,,,,,,,,341139.0,33902.0,,22601.0,,,,297347.0,345176.0,,,,,,,,,,,,,,,,,,,,,,,,361116.0,,,,,,,,,,,,,,,,,,,,,,,,65892.0,,,,,,,,,,,,,,,,,,,79105.0,,,,,,,,,,,,,,,,,,,,,,,,,,,,,,,,,658264.0,,,48028.0,,483104.0,,,,118657.0,,,,,,,2020,3,175934.0,138158.0,D,319385.0
4,706293.0,,,,,,,,,228919.0,,,,,,,,,,,180811.0,36727.0,,19776.0,,,,460463.0,351834.0,,,,,,,,,,,,,,,,,,,,,,,,354459.0,,,,,,,,,,,,,,,,,,,,,,,,48924.0,,,,,,,,,,,,,,,,,,,129958.0,,,,,,,,,,,,,,,,,,,,,,,,,,,,,,,,,650496.0,,,55797.0,,312261.0,,,,170923.0,,,,,,,2020,4,184645.0,43989.0,D,233368.0
5,706293.0,,,,,,,,,150440.0,,,,,,,,,,,471844.0,27545.0,,62860.0,,,,128546.0,343078.0,,,,,,,,,,,,,,,,,,,,,,,,363215.0,,,,,,,,,,,,,,,,,,,,,,,,82841.0,,,,,,,,,,,,,,,,,,,62860.0,,,,,,,,,,,,,,,,,,,,,,,,,,,,,,,,,672391.0,,,33902.0,,394051.0,,,,200607.0,,,,,,,2020,5,267680.0,101619.0,D,376477.0
6,706292.0,,,,,,,,,133489.0,,,,,,,,,,,509237.0,36021.0,,86168.0,,,,59328.0,347616.0,,,,,,,,,,,,,,,,,,,,,,,,358676.0,,,,,,,,,,,,,,,,,,,,,,,,98248.0,,,,,,,,,,,,,,,,,,,43790.0,,,,,,,,,,,,,,,,,,,,,,,,,,,,,,,,,676628.0,,,29664.0,,553933.0,,,,87580.0,,,,,,,2020,6,226804.0,176221.0,D,411827.0
7,706293.0,,,,,,,,,110888.0,,,,,,,,,,,200607.0,365880.0,,33902.0,,,,93230.0,336276.0,,,,,,,,,,,,,,,,,,,,,,,,370017.0,,,,,,,,,,,,,,,,,,,,,,,,58924.0,,,,,,,,,,,,,,,,,,,135608.0,,,,,,,,,,,,,,,,,,,,,,,,,,,,,,,,,637076.0,,,69217.0,,291033.0,,,,231744.0,,,,,,,2020,7,274291.0,41975.0,D,233368.0
8,706292.0,,,,,,,,,175160.0,,,,,,,,,,,382830.0,48028.0,,112307.0,,,,151147.0,346809.0,,,,,,,,,,,,,,,,,,,,,,,,359483.0,,,,,,,,,,,,,,,,,,,,,,,,78942.0,,,,,,,,,,,,,,,,,,,59328.0,,,,,,,,,,,,,,,,,,,,,,,,,,,,,,,,,669565.0,,,36727.0,,509237.0,,,,79105.0,,,,,,,2020,8,171840.0,115348.0,D,292689.0
9,706293.0,,,,,,,,,163144.0,,,,,,,,,,,450615.0,57916.0,,72042.0,,,,112300.0,341847.0,,,,,,,,,,,,,,,,,,,,,,,,364446.0,,,,,,,,,,,,,,,,,,,,,,,,76842.0,,,,,,,,,,,,,,,,,,,69217.0,,,,,,,,,,,,,,,,,,,,,,,,,,,,,,,,,668153.0,,,38140.0,,412475.0,,,,175161.0,,,,,,,2020,9,269568.0,107388.0,D,383336.0
10,706292.0,,,,,,,,,139846.0,,,,,,,,,,,433483.0,62860.0,,66371.0,,,,128546.0,344671.0,,,,,,,,,,,,,,,,,,,,,,,,361621.0,,,,,,,,,,,,,,,,,,,,,,,,89421.0,,,,,,,,,,,,,,,,,,,55091.0,,,,,,,,,,,,,,,,,,,,,,,,,,,,,,,,,671677.0,,,34615.0,,502880.0,,,,59328.0,,,,,,,2020,10,207379.0,110582.0,D,323648.0
11,706293.0,,,,,,,,,94643.0,,,,,,,,,,,453500.0,87580.0,,34608.0,,,,118657.0,348122.0,,,,,,,,,,,,,,,,,,,,,,,,358171.0,,,,,,,,,,,,,,,,,,,,,,,,72842.0,,,,,,,,,,,,,,,,,,,64979.0,,,,,,,,,,,,,,,,,,,,,,,,,,,,,,,,,665328.0,,,40965.0,,528507.0,,,,29664.0,,,,,,,2020,11,195555.0,115078.0,D,316880.0
12,706292.0,,,,,,,,,19776.0,,,,,,,,,,,557224.0,100293.0,,8476.0,,,,26839.0,346809.0,,,,,,,,,,,,,,,,,,,,,,,,359483.0,,,,,,,,,,,,,,,,,,,,,,,,54892.0,,,,,,,,,,,,,,,,,,,100293.0,,,,,,,,,,,,,,,,,,,,,,,,,,,,,,,,,658264.0,,,48028.0,,504352.0,,,,8476.0,,,,,,,2020,12,137911.0,184811.0,R,329203.0
13,706293.0,,,,,,,,,29664.0,,,,,,,,,,,535570.0,92524.0,,26839.0,,,,36727.0,344671.0,,,,,,,,,,,,,,,,,,,,,,,,361622.0,,,,,,,,,,,,,,,,,,,,,,,,58924.0,,,,,,,,,,,,,,,,,,,90422.0,,,,,,,,,,,,,,,,,,,,,,,,,,,,,,,,,662503.0,,,43790.0,,486756.0,,,,12713.0,,,,,,,2020,13,158871.0,170480.0,R,337669.0
14,706292.0,,,,,,,,,83342.0,,,,,,,,,,,502880.0,55091.0,,27545.0,,,,108769.0,348808.0,,,,,,,,,,,,,,,,,,,,,,,,357484.0,,,,,,,,,,,,,,,,,,,,,,,,82842.0,,,,,,,,,,,,,,,,,,,59328.0,,,,,,,,,,,,,,,,,,,,,,,,,,,,,,,,,670271.0,,,36021.0,,552300.0,,,,24014.0,,,,,,,2020,14,195286.0,203744.0,D,407458.0
15,706293.0,,,,,,,,,14832.0,,,,,,,,,,,594679.0,62860.0,,9888.0,,,,22601.0,350481.0,,,,,,,,,,,,,,,,,,,,,,,,355812.0,,,,,,,,,,,,,,,,,,,,,,,,52842.0,,,,,,,,,,,,,,,,,,,97462.0,,,,,,,,,,,,,,,,,,,,,,,,,,,,,,,,,661090.0,,,45203.0,,511436.0,,,,5650.0,,,,,,,2020,15,88670.0,246927.0,R,341919.0
16,706292.0,,,,,,,,,33902.0,,,,,,,,,,,579826.0,36727.0,,12713.0,,,,62860.0,351833.0,,,,,,,,,,,,,,,,,,,,,,,,354459.0,,,,,,,,,,,,,,,,,,,,,,,,58924.0,,,,,,,,,,,,,,,,,,,79105.0,,,,,,,,,,,,,,,,,,,,,,,,,,,,,,,,,665327.0,,,40965.0,,528507.0,,,,8476.0,,,,,,,2020,16,140938.0,197197.0,R,345612.0
17,706293.0,,,,,,,,,27545.0,,,,,,,,,,,542433.0,79105.0,,14832.0,,,,55091.0,347456.0,,,,,,,,,,,,,,,,,,,,,,,,358837.0,,,,,,,,,,,,,,,,,,,,,,,,54892.0,,,,,,,,,,,,,,,,,,,87580.0,,,,,,,,,,,,,,,,,,,,,,,,,,,,,,,,,662503.0,,,43790.0,,493133.0,,,,9888.0,,,,,,,2020,17,146349.0,151009.0,R,303081.0
